FirstName,LastName,email,address1,address2,city,state,postalcode
Import United,Contact,usimport@cabix.com,415 S BERETANIA ST,,HONOLULU,HI,96813
Import CAN,Contact,canimport@cabix.com,305 Delamere Ave,,Stratford,ON,N5A 5A3
Import UK,Contact,ukimport@cabix.xom,31 Ham Farm Road,RICHMOND,Richmond Surrey, GB-SURR,TW10 5NA
US Editaddress,Contact,useditaddress@cabix.xom,415 BERETANIA ST,,HONOLULU,HI,96813
CAN Editaddress,Contact,caneditaddress@cabix.xom,305 Delamere,,Stratford,ON,N5A 5A3
UK Editaddress,Contact,ukeditaddress@cabix.xom,31 Ham Farm,,Richmond,GB,TW10 5NA
Invalid,Contact1,Invalidimport11@cabix.xom,,abc,xyz,HI,96813
Invalid,Contact2,Invalidimport12@cabix1.xom,abc,,xyz,HI,96813
Invalid,Contact3,Invalidimport13@cabix.xom,,abc,,HI,96813
Invalid,Contact4,Invalidimport14@cabix.xom,,,xyz,,96813
,Contact5,Invalidimport15@cabix.xom,,,xyz,HI,
neohost1,abc,neohost1a@test.com,15240 CITRUS COUNTRY DR,,DADE CITY,FL,33523
neocohost1,abc,neocohost1a@test.com,1908 INDUSTRIAL PARK DR,,PLANT CITY,FL,33566
neoguest1,abc,neoguest1ab@test.com,7124 NW 72ND AVE,,MIAMI,FL,33166
neoguest2,abc,neoguest2ab@test.com,3218 S MACDILL AVE,,TAMPA,FL,33629
